"","rf.auc","svm.auc","lr.auc"
"1",0.983099036122675,0.977995681664103,0.95217572302147
