"","rf.auc","svm.auc","lr.auc"
"1",0.993195873906534,0.986922920768886,0.95541625941335
