"","rf.final","svm.final","lr.final"
"1",0.932856982649514,0.929460580912863,0.889248466011952
