"","rf.final","svm.final","lr.final"
"1",0.961005463080152,0.947339752319005,0.892484660119515
