"","Sensitivity","Specificity"
"1",0.933344339427958,0.932547787378895
